"type","code","message","context","selector"
"error","WCAG2AA.Principle1.Guideline1_4.1_4_3.G18.Fail","This element has insufficient contrast at this conformance level. Expected a contrast ratio of at least 4.5:1, but text in this element has a contrast ratio of 1:1. Recommendation:  change text colour to #767676.","<noscript><iframe src=\"//adesso-group.con...</noscript>","#page-top > noscript"
"error","WCAG2AA.Principle4.Guideline4_1.4_1_2.H91.Button.Name","This button element does not have a name available to an accessibility API. Valid names are: title undefined, element content, aria-label undefined, aria-labelledby undefined.","<button type=\"button\" class=\"navbar-toggle collapsed adesso-toggle-btn adesso-toggle-animation\" data-toggle=\"collapse\" data-target=\"#defaultNavbar1\" aria-expanded=\"false\">\n\t\t\t\t\t\t<span class=\"adesso-togg...</button>","#adesso-topnav > div:nth-child(1) > button"
"error","WCAG2AA.Principle4.Guideline4_1.4_1_2.H91.A.NoContent","Anchor element found with a valid href attribute, but no link content has been supplied.","<a class=\"logo page-scroll\" href=\"https://www.adesso.de/de/index.jsp\"> \n\t\t<svg class=\"adesso-logo\" ro...</a>","#adesso-topnav > div:nth-child(1) > div > a"
"error","WCAG2AA.Principle4.Guideline4_1.4_1_1.F77","Duplicate id attribute value \"adesso-search\" found on the web page.","<input placeholder=\"Ihr Thema...\" class=\"form-control adesso-header-search-field flexdatalist-alias\" data-search-in=\"word\" data-url=\"/de/technisches/search/index.jsp\" data-language=\"de\" data-site=\"adesso.de\" id=\"adesso-search\" data-min-length=\"1\" typ...","#adesso-search"
"error","WCAG2AA.Principle4.Guideline4_1.4_1_2.H91.InputText.Name","This textinput element does not have a name available to an accessibility API. Valid names are: label element, title undefined, aria-label undefined, aria-labelledby undefined.","<input placeholder=\"Ihr Thema...\" class=\"form-control adesso-header-search-field flexdatalist-alias\" data-search-in=\"word\" data-url=\"/de/technisches/search/index.jsp\" data-language=\"de\" data-site=\"adesso.de\" id=\"adesso-search\" data-min-length=\"1\" typ...","#adesso-search"
"error","WCAG2AA.Principle1.Guideline1_3.1_3_1.F68","This form field should be labelled in some way. Use the label element (either with a \"for\" attribute or wrapped around the form field), or \"title\", \"aria-label\" or \"aria-labelledby\" attributes as appropriate.","<input placeholder=\"Ihr Thema...\" class=\"form-control adesso-header-search-field flexdatalist-alias\" data-search-in=\"word\" data-url=\"/de/technisches/search/index.jsp\" data-language=\"de\" data-site=\"adesso.de\" id=\"adesso-search\" data-min-length=\"1\" typ...","#adesso-search"
"error","WCAG2AA.Principle4.Guideline4_1.4_1_2.H91.Button.Name","This button element does not have a name available to an accessibility API. Valid names are: title undefined, element content, aria-label undefined, aria-labelledby undefined.","<button type=\"submit\" class=\"adesso-round\">\n\t     <svg class=\"rotate-270 c...</button>","#adesso-top-nav-search > button"
"error","WCAG2AA.Principle1.Guideline1_4.1_4_3.G18.Fail","This element has insufficient contrast at this conformance level. Expected a contrast ratio of at least 4.5:1, but text in this element has a contrast ratio of 1:1. Recommendation:  change text colour to #767676.","<noscript>\n\t\t<div class=\"adesso-text-form...</noscript>","#adesso-content > noscript"
"error","WCAG2AA.Principle1.Guideline1_4.1_4_3.G18.Fail","This element has insufficient contrast at this conformance level. Expected a contrast ratio of at least 4.5:1, but text in this element has a contrast ratio of 2.07:1. Recommendation:  change text colour to #837800.","<span onclick=\"location.href='/de/news/blog/index.jsp?blogCategoryID=43585';\" class=\"adesso-blog-category turquoise\">Softwareentwicklung</span>","#adesso-content > main > div:nth-child(4) > div > div:nth-child(1) > span"
"error","WCAG2AA.Principle1.Guideline1_4.1_4_3.G18.Fail","This element has insufficient contrast at this conformance level. Expected a contrast ratio of at least 4.5:1, but text in this element has a contrast ratio of 3.17:1. Recommendation:  change text colour to #6f645c.","<code>instanceof</code>","#adesso-content > main > div:nth-child(4) > div > div:nth-child(2) > div > div > div > div > p:nth-child(4) > code"
"error","WCAG2AA.Principle1.Guideline1_4.1_4_3.G18.Fail","This element has insufficient contrast at this conformance level. Expected a contrast ratio of at least 4.5:1, but text in this element has a contrast ratio of 4.47:1. Recommendation:  change background to #f6f3f1.","<span class=\"token keyword\">return</span>","#adesso-content > main > div:nth-child(4) > div > div:nth-child(2) > div > div > div > div > pre:nth-child(5) > code > span:nth-child(1)"
"error","WCAG2AA.Principle1.Guideline1_4.1_4_3.G18.Fail","This element has insufficient contrast at this conformance level. Expected a contrast ratio of at least 4.5:1, but text in this element has a contrast ratio of 4.47:1. Recommendation:  change background to #f6f3f1.","<span class=\"token keyword\">instanceof</span>","#adesso-content > main > div:nth-child(4) > div > div:nth-child(2) > div > div > div > div > pre:nth-child(5) > code > span:nth-child(2)"
"error","WCAG2AA.Principle1.Guideline1_4.1_4_3.G18.Fail","This element has insufficient contrast at this conformance level. Expected a contrast ratio of at least 4.5:1, but text in this element has a contrast ratio of 3.59:1. Recommendation:  change text colour to #070707.","<span class=\"token class-name\">String</span>","#adesso-content > main > div:nth-child(4) > div > div:nth-child(2) > div > div > div > div > pre:nth-child(5) > code > span:nth-child(3)"
"error","WCAG2AA.Principle1.Guideline1_4.1_4_3.G18.Fail","This element has insufficient contrast at this conformance level. Expected a contrast ratio of at least 4.5:1, but text in this element has a contrast ratio of 2.56:1. Recommendation:  change text colour to #0f0f0f.","<span class=\"token punctuation\">(</span>","#adesso-content > main > div:nth-child(4) > div > div:nth-child(2) > div > div > div > div > pre:nth-child(5) > code > span:nth-child(5)"
"error","WCAG2AA.Principle1.Guideline1_4.1_4_3.G18.Fail","This element has insufficient contrast at this conformance level. Expected a contrast ratio of at least 4.5:1, but text in this element has a contrast ratio of 2.56:1. Recommendation:  change text colour to #0f0f0f.","<span class=\"token punctuation\">(</span>","#adesso-content > main > div:nth-child(4) > div > div:nth-child(2) > div > div > div > div > pre:nth-child(5) > code > span:nth-child(6)"
"error","WCAG2AA.Principle1.Guideline1_4.1_4_3.G18.Fail","This element has insufficient contrast at this conformance level. Expected a contrast ratio of at least 4.5:1, but text in this element has a contrast ratio of 3.59:1. Recommendation:  change text colour to #070707.","<span class=\"token class-name\">String</span>","#adesso-content > main > div:nth-child(4) > div > div:nth-child(2) > div > div > div > div > pre:nth-child(5) > code > span:nth-child(7)"
"error","WCAG2AA.Principle1.Guideline1_4.1_4_3.G18.Fail","This element has insufficient contrast at this conformance level. Expected a contrast ratio of at least 4.5:1, but text in this element has a contrast ratio of 2.56:1. Recommendation:  change text colour to #0f0f0f.","<span class=\"token punctuation\">)</span>","#adesso-content > main > div:nth-child(4) > div > div:nth-child(2) > div > div > div > div > pre:nth-child(5) > code > span:nth-child(8)"
"error","WCAG2AA.Principle1.Guideline1_4.1_4_3.G18.Fail","This element has insufficient contrast at this conformance level. Expected a contrast ratio of at least 4.5:1, but text in this element has a contrast ratio of 2.56:1. Recommendation:  change text colour to #0f0f0f.","<span class=\"token punctuation\">)</span>","#adesso-content > main > div:nth-child(4) > div > div:nth-child(2) > div > div > div > div > pre:nth-child(5) > code > span:nth-child(9)"
"error","WCAG2AA.Principle1.Guideline1_4.1_4_3.G18.Fail","This element has insufficient contrast at this conformance level. Expected a contrast ratio of at least 4.5:1, but text in this element has a contrast ratio of 2.56:1. Recommendation:  change text colour to #0f0f0f.","<span class=\"token punctuation\">.</span>","#adesso-content > main > div:nth-child(4) > div > div:nth-child(2) > div > div > div > div > pre:nth-child(5) > code > span:nth-child(10)"
"error","WCAG2AA.Principle1.Guideline1_4.1_4_3.G18.Fail","This element has insufficient contrast at this conformance level. Expected a contrast ratio of at least 4.5:1, but text in this element has a contrast ratio of 3.59:1. Recommendation:  change text colour to #070707.","<span class=\"token function\">lenght</span>","#adesso-content > main > div:nth-child(4) > div > div:nth-child(2) > div > div > div > div > pre:nth-child(5) > code > span:nth-child(11)"
"error","WCAG2AA.Principle1.Guideline1_4.1_4_3.G18.Fail","This element has insufficient contrast at this conformance level. Expected a contrast ratio of at least 4.5:1, but text in this element has a contrast ratio of 2.56:1. Recommendation:  change text colour to #0f0f0f.","<span class=\"token punctuation\">(</span>","#adesso-content > main > div:nth-child(4) > div > div:nth-child(2) > div > div > div > div > pre:nth-child(5) > code > span:nth-child(12)"
"error","WCAG2AA.Principle1.Guideline1_4.1_4_3.G18.Fail","This element has insufficient contrast at this conformance level. Expected a contrast ratio of at least 4.5:1, but text in this element has a contrast ratio of 2.56:1. Recommendation:  change text colour to #0f0f0f.","<span class=\"token punctuation\">)</span>","#adesso-content > main > div:nth-child(4) > div > div:nth-child(2) > div > div > div > div > pre:nth-child(5) > code > span:nth-child(13)"
"error","WCAG2AA.Principle1.Guideline1_4.1_4_3.G18.Fail","This element has insufficient contrast at this conformance level. Expected a contrast ratio of at least 4.5:1, but text in this element has a contrast ratio of 2.56:1. Recommendation:  change text colour to #0f0f0f.","<span class=\"token punctuation\">;</span>","#adesso-content > main > div:nth-child(4) > div > div:nth-child(2) > div > div > div > div > pre:nth-child(5) > code > span:nth-child(16)"
"error","WCAG2AA.Principle1.Guideline1_4.1_4_3.G18.Fail","This element has insufficient contrast at this conformance level. Expected a contrast ratio of at least 4.5:1, but text in this element has a contrast ratio of 3.17:1. Recommendation:  change text colour to #6f645c.","<code>o</code>","#adesso-content > main > div:nth-child(4) > div > div:nth-child(2) > div > div > div > div > p:nth-child(6) > code:nth-child(1)"
"error","WCAG2AA.Principle1.Guideline1_4.1_4_3.G18.Fail","This element has insufficient contrast at this conformance level. Expected a contrast ratio of at least 4.5:1, but text in this element has a contrast ratio of 3.17:1. Recommendation:  change text colour to #6f645c.","<code>o</code>","#adesso-content > main > div:nth-child(4) > div > div:nth-child(2) > div > div > div > div > p:nth-child(6) > code:nth-child(2)"
"error","WCAG2AA.Principle1.Guideline1_4.1_4_3.G18.Fail","This element has insufficient contrast at this conformance level. Expected a contrast ratio of at least 4.5:1, but text in this element has a contrast ratio of 3.17:1. Recommendation:  change text colour to #6f645c.","<code>String</code>","#adesso-content > main > div:nth-child(4) > div > div:nth-child(2) > div > div > div > div > p:nth-child(6) > code:nth-child(3)"
"error","WCAG2AA.Principle1.Guideline1_4.1_4_3.G18.Fail","This element has insufficient contrast at this conformance level. Expected a contrast ratio of at least 4.5:1, but text in this element has a contrast ratio of 3.17:1. Recommendation:  change text colour to #6f645c.","<code>String#lenght()</code>","#adesso-content > main > div:nth-child(4) > div > div:nth-child(2) > div > div > div > div > p:nth-child(6) > code:nth-child(4)"
"error","WCAG2AA.Principle1.Guideline1_4.1_4_3.G18.Fail","This element has insufficient contrast at this conformance level. Expected a contrast ratio of at least 4.5:1, but text in this element has a contrast ratio of 3.17:1. Recommendation:  change text colour to #6f645c.","<code>CalssCastException</code>","#adesso-content > main > div:nth-child(4) > div > div:nth-child(2) > div > div > div > div > p:nth-child(6) > code:nth-child(5)"
"error","WCAG2AA.Principle1.Guideline1_4.1_4_3.G18.Fail","This element has insufficient contrast at this conformance level. Expected a contrast ratio of at least 4.5:1, but text in this element has a contrast ratio of 4.47:1. Recommendation:  change background to #f6f3f1.","<span class=\"token keyword\">return</span>","#adesso-content > main > div:nth-child(4) > div > div:nth-child(2) > div > div > div > div > pre:nth-child(7) > code > span:nth-child(1)"
"error","WCAG2AA.Principle1.Guideline1_4.1_4_3.G18.Fail","This element has insufficient contrast at this conformance level. Expected a contrast ratio of at least 4.5:1, but text in this element has a contrast ratio of 4.47:1. Recommendation:  change background to #f6f3f1.","<span class=\"token keyword\">instanceof</span>","#adesso-content > main > div:nth-child(4) > div > div:nth-child(2) > div > div > div > div > pre:nth-child(7) > code > span:nth-child(2)"
"error","WCAG2AA.Principle1.Guideline1_4.1_4_3.G18.Fail","This element has insufficient contrast at this conformance level. Expected a contrast ratio of at least 4.5:1, but text in this element has a contrast ratio of 3.59:1. Recommendation:  change text colour to #070707.","<span class=\"token class-name\">String</span>","#adesso-content > main > div:nth-child(4) > div > div:nth-child(2) > div > div > div > div > pre:nth-child(7) > code > span:nth-child(3)"
"error","WCAG2AA.Principle1.Guideline1_4.1_4_3.G18.Fail","This element has insufficient contrast at this conformance level. Expected a contrast ratio of at least 4.5:1, but text in this element has a contrast ratio of 2.56:1. Recommendation:  change text colour to #0f0f0f.","<span class=\"token punctuation\">.</span>","#adesso-content > main > div:nth-child(4) > div > div:nth-child(2) > div > div > div > div > pre:nth-child(7) > code > span:nth-child(5)"
"error","WCAG2AA.Principle1.Guideline1_4.1_4_3.G18.Fail","This element has insufficient contrast at this conformance level. Expected a contrast ratio of at least 4.5:1, but text in this element has a contrast ratio of 3.59:1. Recommendation:  change text colour to #070707.","<span class=\"token function\">lenght</span>","#adesso-content > main > div:nth-child(4) > div > div:nth-child(2) > div > div > div > div > pre:nth-child(7) > code > span:nth-child(6)"
"error","WCAG2AA.Principle1.Guideline1_4.1_4_3.G18.Fail","This element has insufficient contrast at this conformance level. Expected a contrast ratio of at least 4.5:1, but text in this element has a contrast ratio of 2.56:1. Recommendation:  change text colour to #0f0f0f.","<span class=\"token punctuation\">(</span>","#adesso-content > main > div:nth-child(4) > div > div:nth-child(2) > div > div > div > div > pre:nth-child(7) > code > span:nth-child(7)"
"error","WCAG2AA.Principle1.Guideline1_4.1_4_3.G18.Fail","This element has insufficient contrast at this conformance level. Expected a contrast ratio of at least 4.5:1, but text in this element has a contrast ratio of 2.56:1. Recommendation:  change text colour to #0f0f0f.","<span class=\"token punctuation\">)</span>","#adesso-content > main > div:nth-child(4) > div > div:nth-child(2) > div > div > div > div > pre:nth-child(7) > code > span:nth-child(8)"
"error","WCAG2AA.Principle1.Guideline1_4.1_4_3.G18.Fail","This element has insufficient contrast at this conformance level. Expected a contrast ratio of at least 4.5:1, but text in this element has a contrast ratio of 2.56:1. Recommendation:  change text colour to #0f0f0f.","<span class=\"token punctuation\">;</span>","#adesso-content > main > div:nth-child(4) > div > div:nth-child(2) > div > div > div > div > pre:nth-child(7) > code > span:nth-child(11)"
"error","WCAG2AA.Principle1.Guideline1_4.1_4_3.G18.Fail","This element has insufficient contrast at this conformance level. Expected a contrast ratio of at least 4.5:1, but text in this element has a contrast ratio of 3.17:1. Recommendation:  change text colour to #6f645c.","<code>&amp;&amp;</code>","#adesso-content > main > div:nth-child(4) > div > div:nth-child(2) > div > div > div > div > p:nth-child(9) > code:nth-child(1)"
"error","WCAG2AA.Principle1.Guideline1_4.1_4_3.G18.Fail","This element has insufficient contrast at this conformance level. Expected a contrast ratio of at least 4.5:1, but text in this element has a contrast ratio of 3.17:1. Recommendation:  change text colour to #6f645c.","<code>||</code>","#adesso-content > main > div:nth-child(4) > div > div:nth-child(2) > div > div > div > div > p:nth-child(9) > code:nth-child(2)"
"error","WCAG2AA.Principle1.Guideline1_4.1_4_3.G18.Fail","This element has insufficient contrast at this conformance level. Expected a contrast ratio of at least 4.5:1, but text in this element has a contrast ratio of 3.17:1. Recommendation:  change text colour to #6f645c.","<code>!</code>","#adesso-content > main > div:nth-child(4) > div > div:nth-child(2) > div > div > div > div > p:nth-child(9) > code:nth-child(3)"
"error","WCAG2AA.Principle1.Guideline1_4.1_4_3.G18.Fail","This element has insufficient contrast at this conformance level. Expected a contrast ratio of at least 4.5:1, but text in this element has a contrast ratio of 4.47:1. Recommendation:  change background to #f6f3f1.","<span class=\"token keyword\">return</span>","#adesso-content > main > div:nth-child(4) > div > div:nth-child(2) > div > div > div > div > pre:nth-child(10) > code > span:nth-child(1)"
"error","WCAG2AA.Principle1.Guideline1_4.1_4_3.G18.Fail","This element has insufficient contrast at this conformance level. Expected a contrast ratio of at least 4.5:1, but text in this element has a contrast ratio of 2.56:1. Recommendation:  change text colour to #0f0f0f.","<span class=\"token punctuation\">(</span>","#adesso-content > main > div:nth-child(4) > div > div:nth-child(2) > div > div > div > div > pre:nth-child(10) > code > span:nth-child(3)"
"error","WCAG2AA.Principle1.Guideline1_4.1_4_3.G18.Fail","This element has insufficient contrast at this conformance level. Expected a contrast ratio of at least 4.5:1, but text in this element has a contrast ratio of 4.47:1. Recommendation:  change background to #f6f3f1.","<span class=\"token keyword\">instanceof</span>","#adesso-content > main > div:nth-child(4) > div > div:nth-child(2) > div > div > div > div > pre:nth-child(10) > code > span:nth-child(4)"
"error","WCAG2AA.Principle1.Guideline1_4.1_4_3.G18.Fail","This element has insufficient contrast at this conformance level. Expected a contrast ratio of at least 4.5:1, but text in this element has a contrast ratio of 3.59:1. Recommendation:  change text colour to #070707.","<span class=\"token class-name\">String</span>","#adesso-content > main > div:nth-child(4) > div > div:nth-child(2) > div > div > div > div > pre:nth-child(10) > code > span:nth-child(5)"
"error","WCAG2AA.Principle1.Guideline1_4.1_4_3.G18.Fail","This element has insufficient contrast at this conformance level. Expected a contrast ratio of at least 4.5:1, but text in this element has a contrast ratio of 2.56:1. Recommendation:  change text colour to #0f0f0f.","<span class=\"token punctuation\">)</span>","#adesso-content > main > div:nth-child(4) > div > div:nth-child(2) > div > div > div > div > pre:nth-child(10) > code > span:nth-child(6)"
"error","WCAG2AA.Principle1.Guideline1_4.1_4_3.G18.Fail","This element has insufficient contrast at this conformance level. Expected a contrast ratio of at least 4.5:1, but text in this element has a contrast ratio of 3.08:1. Recommendation:  change text colour to #0a0f00.","<span class=\"token string\">\"Not Matched\"</span>","#adesso-content > main > div:nth-child(4) > div > div:nth-child(2) > div > div > div > div > pre:nth-child(10) > code > span:nth-child(8)"
"error","WCAG2AA.Principle1.Guideline1_4.1_4_3.G18.Fail","This element has insufficient contrast at this conformance level. Expected a contrast ratio of at least 4.5:1, but text in this element has a contrast ratio of 3.08:1. Recommendation:  change text colour to #0a0f00.","<span class=\"token string\">\"Matched: \"</span>","#adesso-content > main > div:nth-child(4) > div > div:nth-child(2) > div > div > div > div > pre:nth-child(10) > code > span:nth-child(10)"
"error","WCAG2AA.Principle1.Guideline1_4.1_4_3.G18.Fail","This element has insufficient contrast at this conformance level. Expected a contrast ratio of at least 4.5:1, but text in this element has a contrast ratio of 2.56:1. Recommendation:  change text colour to #0f0f0f.","<span class=\"token punctuation\">;</span>","#adesso-content > main > div:nth-child(4) > div > div:nth-child(2) > div > div > div > div > pre:nth-child(10) > code > span:nth-child(12)"
"error","WCAG2AA.Principle1.Guideline1_4.1_4_3.G18.Fail","This element has insufficient contrast at this conformance level. Expected a contrast ratio of at least 4.5:1, but text in this element has a contrast ratio of 3.17:1. Recommendation:  change text colour to #6f645c.","<code>else</code>","#adesso-content > main > div:nth-child(4) > div > div:nth-child(2) > div > div > div > div > p:nth-child(11) > code:nth-child(1)"
"error","WCAG2AA.Principle1.Guideline1_4.1_4_3.G18.Fail","This element has insufficient contrast at this conformance level. Expected a contrast ratio of at least 4.5:1, but text in this element has a contrast ratio of 3.17:1. Recommendation:  change text colour to #6f645c.","<code>s</code>","#adesso-content > main > div:nth-child(4) > div > div:nth-child(2) > div > div > div > div > p:nth-child(11) > code:nth-child(2)"
"error","WCAG2AA.Principle1.Guideline1_4.1_4_3.G18.Fail","This element has insufficient contrast at this conformance level. Expected a contrast ratio of at least 4.5:1, but text in this element has a contrast ratio of 3.17:1. Recommendation:  change text colour to #6f645c.","<code>switch</code>","#adesso-content > main > div:nth-child(4) > div > div:nth-child(2) > div > div > div > div > p:nth-child(11) > code:nth-child(3)"
"error","WCAG2AA.Principle1.Guideline1_4.1_4_3.G18.Fail","This element has insufficient contrast at this conformance level. Expected a contrast ratio of at least 4.5:1, but text in this element has a contrast ratio of 3.17:1. Recommendation:  change text colour to #6f645c.","<code>switch</code>","#adesso-content > main > div:nth-child(4) > div > div:nth-child(2) > div > div > div > div > p:nth-child(11) > code:nth-child(4)"
"error","WCAG2AA.Principle1.Guideline1_4.1_4_3.G18.Fail","This element has insufficient contrast at this conformance level. Expected a contrast ratio of at least 4.5:1, but text in this element has a contrast ratio of 3.17:1. Recommendation:  change text colour to #6f645c.","<code>switch</code>","#adesso-content > main > div:nth-child(4) > div > div:nth-child(2) > div > div > div > div > p:nth-child(13) > code:nth-child(1)"
"error","WCAG2AA.Principle1.Guideline1_4.1_4_3.G18.Fail","This element has insufficient contrast at this conformance level. Expected a contrast ratio of at least 4.5:1, but text in this element has a contrast ratio of 3.17:1. Recommendation:  change text colour to #6f645c.","<code>switch</code>","#adesso-content > main > div:nth-child(4) > div > div:nth-child(2) > div > div > div > div > p:nth-child(13) > code:nth-child(3)"
"error","WCAG2AA.Principle1.Guideline1_4.1_4_3.G18.Fail","This element has insufficient contrast at this conformance level. Expected a contrast ratio of at least 4.5:1, but text in this element has a contrast ratio of 3.17:1. Recommendation:  change text colour to #6f645c.","<code>switch</code>","#adesso-content > main > div:nth-child(4) > div > div:nth-child(2) > div > div > div > div > p:nth-child(13) > code:nth-child(4)"
"error","WCAG2AA.Principle1.Guideline1_4.1_4_3.G18.Fail","This element has insufficient contrast at this conformance level. Expected a contrast ratio of at least 4.5:1, but text in this element has a contrast ratio of 4.47:1. Recommendation:  change background to #f6f3f1.","<span class=\"token keyword\">switch</span>","#adesso-content > main > div:nth-child(4) > div > div:nth-child(2) > div > div > div > div > pre:nth-child(14) > code > span:nth-child(1)"
"error","WCAG2AA.Principle1.Guideline1_4.1_4_3.G18.Fail","This element has insufficient contrast at this conformance level. Expected a contrast ratio of at least 4.5:1, but text in this element has a contrast ratio of 2.56:1. Recommendation:  change text colour to #0f0f0f.","<span class=\"token punctuation\">(</span>","#adesso-content > main > div:nth-child(4) > div > div:nth-child(2) > div > div > div > div > pre:nth-child(14) > code > span:nth-child(2)"
"error","WCAG2AA.Principle1.Guideline1_4.1_4_3.G18.Fail","This element has insufficient contrast at this conformance level. Expected a contrast ratio of at least 4.5:1, but text in this element has a contrast ratio of 2.56:1. Recommendation:  change text colour to #0f0f0f.","<span class=\"token punctuation\">)</span>","#adesso-content > main > div:nth-child(4) > div > div:nth-child(2) > div > div > div > div > pre:nth-child(14) > code > span:nth-child(3)"
"error","WCAG2AA.Principle1.Guideline1_4.1_4_3.G18.Fail","This element has insufficient contrast at this conformance level. Expected a contrast ratio of at least 4.5:1, but text in this element has a contrast ratio of 2.56:1. Recommendation:  change text colour to #0f0f0f.","<span class=\"token punctuation\">{</span>","#adesso-content > main > div:nth-child(4) > div > div:nth-child(2) > div > div > div > div > pre:nth-child(14) > code > span:nth-child(4)"
"error","WCAG2AA.Principle1.Guideline1_4.1_4_3.G18.Fail","This element has insufficient contrast at this conformance level. Expected a contrast ratio of at least 4.5:1, but text in this element has a contrast ratio of 4.47:1. Recommendation:  change background to #f6f3f1.","<span class=\"token keyword\">case</span>","#adesso-content > main > div:nth-child(4) > div > div:nth-child(2) > div > div > div > div > pre:nth-child(14) > code > span:nth-child(5)"
"error","WCAG2AA.Principle1.Guideline1_4.1_4_3.G18.Fail","This element has insufficient contrast at this conformance level. Expected a contrast ratio of at least 4.5:1, but text in this element has a contrast ratio of 3.59:1. Recommendation:  change text colour to #070707.","<span class=\"token class-name\">Triangle</span>","#adesso-content > main > div:nth-child(4) > div > div:nth-child(2) > div > div > div > div > pre:nth-child(14) > code > span:nth-child(6)"
"error","WCAG2AA.Principle1.Guideline1_4.1_4_3.G18.Fail","This element has insufficient contrast at this conformance level. Expected a contrast ratio of at least 4.5:1, but text in this element has a contrast ratio of 3.59:1. Recommendation:  change text colour to #070707.","<span class=\"token class-name\">System</span>","#adesso-content > main > div:nth-child(4) > div > div:nth-child(2) > div > div > div > div > pre:nth-child(14) > code > span:nth-child(8)"
"error","WCAG2AA.Principle1.Guideline1_4.1_4_3.G18.Fail","This element has insufficient contrast at this conformance level. Expected a contrast ratio of at least 4.5:1, but text in this element has a contrast ratio of 2.56:1. Recommendation:  change text colour to #0f0f0f.","<span class=\"token punctuation\">.</span>","#adesso-content > main > div:nth-child(4) > div > div:nth-child(2) > div > div > div > div > pre:nth-child(14) > code > span:nth-child(9)"
"error","WCAG2AA.Principle1.Guideline1_4.1_4_3.G18.Fail","This element has insufficient contrast at this conformance level. Expected a contrast ratio of at least 4.5:1, but text in this element has a contrast ratio of 2.56:1. Recommendation:  change text colour to #0f0f0f.","<span class=\"token punctuation\">.</span>","#adesso-content > main > div:nth-child(4) > div > div:nth-child(2) > div > div > div > div > pre:nth-child(14) > code > span:nth-child(10)"
"error","WCAG2AA.Principle1.Guideline1_4.1_4_3.G18.Fail","This element has insufficient contrast at this conformance level. Expected a contrast ratio of at least 4.5:1, but text in this element has a contrast ratio of 3.59:1. Recommendation:  change text colour to #070707.","<span class=\"token function\">println</span>","#adesso-content > main > div:nth-child(4) > div > div:nth-child(2) > div > div > div > div > pre:nth-child(14) > code > span:nth-child(11)"
"error","WCAG2AA.Principle1.Guideline1_4.1_4_3.G18.Fail","This element has insufficient contrast at this conformance level. Expected a contrast ratio of at least 4.5:1, but text in this element has a contrast ratio of 2.56:1. Recommendation:  change text colour to #0f0f0f.","<span class=\"token punctuation\">(</span>","#adesso-content > main > div:nth-child(4) > div > div:nth-child(2) > div > div > div > div > pre:nth-child(14) > code > span:nth-child(12)"
"error","WCAG2AA.Principle1.Guideline1_4.1_4_3.G18.Fail","This element has insufficient contrast at this conformance level. Expected a contrast ratio of at least 4.5:1, but text in this element has a contrast ratio of 3.08:1. Recommendation:  change text colour to #0a0f00.","<span class=\"token string\">\"Triangle\"</span>","#adesso-content > main > div:nth-child(4) > div > div:nth-child(2) > div > div > div > div > pre:nth-child(14) > code > span:nth-child(13)"
"error","WCAG2AA.Principle1.Guideline1_4.1_4_3.G18.Fail","This element has insufficient contrast at this conformance level. Expected a contrast ratio of at least 4.5:1, but text in this element has a contrast ratio of 2.56:1. Recommendation:  change text colour to #0f0f0f.","<span class=\"token punctuation\">)</span>","#adesso-content > main > div:nth-child(4) > div > div:nth-child(2) > div > div > div > div > pre:nth-child(14) > code > span:nth-child(14)"
"error","WCAG2AA.Principle1.Guideline1_4.1_4_3.G18.Fail","This element has insufficient contrast at this conformance level. Expected a contrast ratio of at least 4.5:1, but text in this element has a contrast ratio of 2.56:1. Recommendation:  change text colour to #0f0f0f.","<span class=\"token punctuation\">;</span>","#adesso-content > main > div:nth-child(4) > div > div:nth-child(2) > div > div > div > div > pre:nth-child(14) > code > span:nth-child(15)"
"error","WCAG2AA.Principle1.Guideline1_4.1_4_3.G18.Fail","This element has insufficient contrast at this conformance level. Expected a contrast ratio of at least 4.5:1, but text in this element has a contrast ratio of 4.47:1. Recommendation:  change background to #f6f3f1.","<span class=\"token keyword\">case</span>","#adesso-content > main > div:nth-child(4) > div > div:nth-child(2) > div > div > div > div > pre:nth-child(14) > code > span:nth-child(16)"
"error","WCAG2AA.Principle1.Guideline1_4.1_4_3.G18.Fail","This element has insufficient contrast at this conformance level. Expected a contrast ratio of at least 4.5:1, but text in this element has a contrast ratio of 3.59:1. Recommendation:  change text colour to #070707.","<span class=\"token class-name\">Square</span>","#adesso-content > main > div:nth-child(4) > div > div:nth-child(2) > div > div > div > div > pre:nth-child(14) > code > span:nth-child(17)"
"error","WCAG2AA.Principle1.Guideline1_4.1_4_3.G18.Fail","This element has insufficient contrast at this conformance level. Expected a contrast ratio of at least 4.5:1, but text in this element has a contrast ratio of 3.59:1. Recommendation:  change text colour to #070707.","<span class=\"token class-name\">System</span>","#adesso-content > main > div:nth-child(4) > div > div:nth-child(2) > div > div > div > div > pre:nth-child(14) > code > span:nth-child(19)"
"error","WCAG2AA.Principle1.Guideline1_4.1_4_3.G18.Fail","This element has insufficient contrast at this conformance level. Expected a contrast ratio of at least 4.5:1, but text in this element has a contrast ratio of 2.56:1. Recommendation:  change text colour to #0f0f0f.","<span class=\"token punctuation\">.</span>","#adesso-content > main > div:nth-child(4) > div > div:nth-child(2) > div > div > div > div > pre:nth-child(14) > code > span:nth-child(20)"
"error","WCAG2AA.Principle1.Guideline1_4.1_4_3.G18.Fail","This element has insufficient contrast at this conformance level. Expected a contrast ratio of at least 4.5:1, but text in this element has a contrast ratio of 2.56:1. Recommendation:  change text colour to #0f0f0f.","<span class=\"token punctuation\">.</span>","#adesso-content > main > div:nth-child(4) > div > div:nth-child(2) > div > div > div > div > pre:nth-child(14) > code > span:nth-child(21)"
"error","WCAG2AA.Principle1.Guideline1_4.1_4_3.G18.Fail","This element has insufficient contrast at this conformance level. Expected a contrast ratio of at least 4.5:1, but text in this element has a contrast ratio of 3.59:1. Recommendation:  change text colour to #070707.","<span class=\"token function\">println</span>","#adesso-content > main > div:nth-child(4) > div > div:nth-child(2) > div > div > div > div > pre:nth-child(14) > code > span:nth-child(22)"
"error","WCAG2AA.Principle1.Guideline1_4.1_4_3.G18.Fail","This element has insufficient contrast at this conformance level. Expected a contrast ratio of at least 4.5:1, but text in this element has a contrast ratio of 2.56:1. Recommendation:  change text colour to #0f0f0f.","<span class=\"token punctuation\">(</span>","#adesso-content > main > div:nth-child(4) > div > div:nth-child(2) > div > div > div > div > pre:nth-child(14) > code > span:nth-child(23)"
"error","WCAG2AA.Principle1.Guideline1_4.1_4_3.G18.Fail","This element has insufficient contrast at this conformance level. Expected a contrast ratio of at least 4.5:1, but text in this element has a contrast ratio of 3.08:1. Recommendation:  change text colour to #0a0f00.","<span class=\"token string\">\"Square\"</span>","#adesso-content > main > div:nth-child(4) > div > div:nth-child(2) > div > div > div > div > pre:nth-child(14) > code > span:nth-child(24)"
"error","WCAG2AA.Principle1.Guideline1_4.1_4_3.G18.Fail","This element has insufficient contrast at this conformance level. Expected a contrast ratio of at least 4.5:1, but text in this element has a contrast ratio of 2.56:1. Recommendation:  change text colour to #0f0f0f.","<span class=\"token punctuation\">)</span>","#adesso-content > main > div:nth-child(4) > div > div:nth-child(2) > div > div > div > div > pre:nth-child(14) > code > span:nth-child(25)"
"error","WCAG2AA.Principle1.Guideline1_4.1_4_3.G18.Fail","This element has insufficient contrast at this conformance level. Expected a contrast ratio of at least 4.5:1, but text in this element has a contrast ratio of 2.56:1. Recommendation:  change text colour to #0f0f0f.","<span class=\"token punctuation\">;</span>","#adesso-content > main > div:nth-child(4) > div > div:nth-child(2) > div > div > div > div > pre:nth-child(14) > code > span:nth-child(26)"
"error","WCAG2AA.Principle1.Guideline1_4.1_4_3.G18.Fail","This element has insufficient contrast at this conformance level. Expected a contrast ratio of at least 4.5:1, but text in this element has a contrast ratio of 4.47:1. Recommendation:  change background to #f6f3f1.","<span class=\"token keyword\">default</span>","#adesso-content > main > div:nth-child(4) > div > div:nth-child(2) > div > div > div > div > pre:nth-child(14) > code > span:nth-child(27)"
"error","WCAG2AA.Principle1.Guideline1_4.1_4_3.G18.Fail","This element has insufficient contrast at this conformance level. Expected a contrast ratio of at least 4.5:1, but text in this element has a contrast ratio of 3.59:1. Recommendation:  change text colour to #070707.","<span class=\"token class-name\">System</span>","#adesso-content > main > div:nth-child(4) > div > div:nth-child(2) > div > div > div > div > pre:nth-child(14) > code > span:nth-child(29)"
"error","WCAG2AA.Principle1.Guideline1_4.1_4_3.G18.Fail","This element has insufficient contrast at this conformance level. Expected a contrast ratio of at least 4.5:1, but text in this element has a contrast ratio of 2.56:1. Recommendation:  change text colour to #0f0f0f.","<span class=\"token punctuation\">.</span>","#adesso-content > main > div:nth-child(4) > div > div:nth-child(2) > div > div > div > div > pre:nth-child(14) > code > span:nth-child(30)"
"error","WCAG2AA.Principle1.Guideline1_4.1_4_3.G18.Fail","This element has insufficient contrast at this conformance level. Expected a contrast ratio of at least 4.5:1, but text in this element has a contrast ratio of 2.56:1. Recommendation:  change text colour to #0f0f0f.","<span class=\"token punctuation\">.</span>","#adesso-content > main > div:nth-child(4) > div > div:nth-child(2) > div > div > div > div > pre:nth-child(14) > code > span:nth-child(31)"
"error","WCAG2AA.Principle1.Guideline1_4.1_4_3.G18.Fail","This element has insufficient contrast at this conformance level. Expected a contrast ratio of at least 4.5:1, but text in this element has a contrast ratio of 3.59:1. Recommendation:  change text colour to #070707.","<span class=\"token function\">println</span>","#adesso-content > main > div:nth-child(4) > div > div:nth-child(2) > div > div > div > div > pre:nth-child(14) > code > span:nth-child(32)"
"error","WCAG2AA.Principle1.Guideline1_4.1_4_3.G18.Fail","This element has insufficient contrast at this conformance level. Expected a contrast ratio of at least 4.5:1, but text in this element has a contrast ratio of 2.56:1. Recommendation:  change text colour to #0f0f0f.","<span class=\"token punctuation\">(</span>","#adesso-content > main > div:nth-child(4) > div > div:nth-child(2) > div > div > div > div > pre:nth-child(14) > code > span:nth-child(33)"
"error","WCAG2AA.Principle1.Guideline1_4.1_4_3.G18.Fail","This element has insufficient contrast at this conformance level. Expected a contrast ratio of at least 4.5:1, but text in this element has a contrast ratio of 3.08:1. Recommendation:  change text colour to #0a0f00.","<span class=\"token string\">\"Something\"</span>","#adesso-content > main > div:nth-child(4) > div > div:nth-child(2) > div > div > div > div > pre:nth-child(14) > code > span:nth-child(34)"
"error","WCAG2AA.Principle1.Guideline1_4.1_4_3.G18.Fail","This element has insufficient contrast at this conformance level. Expected a contrast ratio of at least 4.5:1, but text in this element has a contrast ratio of 2.56:1. Recommendation:  change text colour to #0f0f0f.","<span class=\"token punctuation\">)</span>","#adesso-content > main > div:nth-child(4) > div > div:nth-child(2) > div > div > div > div > pre:nth-child(14) > code > span:nth-child(35)"
"error","WCAG2AA.Principle1.Guideline1_4.1_4_3.G18.Fail","This element has insufficient contrast at this conformance level. Expected a contrast ratio of at least 4.5:1, but text in this element has a contrast ratio of 2.56:1. Recommendation:  change text colour to #0f0f0f.","<span class=\"token punctuation\">;</span>","#adesso-content > main > div:nth-child(4) > div > div:nth-child(2) > div > div > div > div > pre:nth-child(14) > code > span:nth-child(36)"
"error","WCAG2AA.Principle1.Guideline1_4.1_4_3.G18.Fail","This element has insufficient contrast at this conformance level. Expected a contrast ratio of at least 4.5:1, but text in this element has a contrast ratio of 2.56:1. Recommendation:  change text colour to #0f0f0f.","<span class=\"token punctuation\">}</span>","#adesso-content > main > div:nth-child(4) > div > div:nth-child(2) > div > div > div > div > pre:nth-child(14) > code > span:nth-child(37)"
"error","WCAG2AA.Principle1.Guideline1_4.1_4_3.G18.Fail","This element has insufficient contrast at this conformance level. Expected a contrast ratio of at least 4.5:1, but text in this element has a contrast ratio of 3.17:1. Recommendation:  change text colour to #6f645c.","<code>switch</code>","#adesso-content > main > div:nth-child(4) > div > div:nth-child(2) > div > div > div > div > p:nth-child(15) > code:nth-child(1)"
"error","WCAG2AA.Principle1.Guideline1_4.1_4_3.G18.Fail","This element has insufficient contrast at this conformance level. Expected a contrast ratio of at least 4.5:1, but text in this element has a contrast ratio of 3.17:1. Recommendation:  change text colour to #6f645c.","<code>o</code>","#adesso-content > main > div:nth-child(4) > div > div:nth-child(2) > div > div > div > div > p:nth-child(15) > code:nth-child(2)"
"error","WCAG2AA.Principle2.Guideline2_4.2_4_1.G1,G123,G124.NoSuchID","This link points to a named anchor \" JEP 394 - Pattern Matching for instanceof\" within the document, but no anchor exists with that name.","<a href=\"# JEP 394 - Pattern Matching for instanceof\">JEP 394</a>","#adesso-content > main > div:nth-child(4) > div > div:nth-child(2) > div > div > div > div > p:nth-child(15) > a:nth-child(3)"
"error","WCAG2AA.Principle1.Guideline1_4.1_4_3.G18.Fail","This element has insufficient contrast at this conformance level. Expected a contrast ratio of at least 4.5:1, but text in this element has a contrast ratio of 3.17:1. Recommendation:  change text colour to #6f645c.","<code>o</code>","#adesso-content > main > div:nth-child(4) > div > div:nth-child(2) > div > div > div > div > p:nth-child(15) > code:nth-child(4)"
"error","WCAG2AA.Principle1.Guideline1_4.1_4_3.G18.Fail","This element has insufficient contrast at this conformance level. Expected a contrast ratio of at least 4.5:1, but text in this element has a contrast ratio of 3.17:1. Recommendation:  change text colour to #6f645c.","<code>default</code>","#adesso-content > main > div:nth-child(4) > div > div:nth-child(2) > div > div > div > div > p:nth-child(15) > code:nth-child(5)"
"error","WCAG2AA.Principle1.Guideline1_4.1_4_3.G18.Fail","This element has insufficient contrast at this conformance level. Expected a contrast ratio of at least 4.5:1, but text in this element has a contrast ratio of 3.17:1. Recommendation:  change text colour to #6f645c.","<code>default</code>","#adesso-content > main > div:nth-child(4) > div > div:nth-child(2) > div > div > div > div > p:nth-child(15) > code:nth-child(7)"
"error","WCAG2AA.Principle1.Guideline1_4.1_4_3.G18.Fail","This element has insufficient contrast at this conformance level. Expected a contrast ratio of at least 4.5:1, but text in this element has a contrast ratio of 3.17:1. Recommendation:  change text colour to #6f645c.","<code>switch</code>","#adesso-content > main > div:nth-child(4) > div > div:nth-child(2) > div > div > div > div > p:nth-child(16) > code"
"error","WCAG2AA.Principle1.Guideline1_4.1_4_3.G18.Fail","This element has insufficient contrast at this conformance level. Expected a contrast ratio of at least 4.5:1, but text in this element has a contrast ratio of 4.47:1. Recommendation:  change background to #f6f3f1.","<span class=\"token keyword\">switch</span>","#adesso-content > main > div:nth-child(4) > div > div:nth-child(2) > div > div > div > div > pre:nth-child(17) > code > span:nth-child(1)"
"error","WCAG2AA.Principle1.Guideline1_4.1_4_3.G18.Fail","This element has insufficient contrast at this conformance level. Expected a contrast ratio of at least 4.5:1, but text in this element has a contrast ratio of 2.56:1. Recommendation:  change text colour to #0f0f0f.","<span class=\"token punctuation\">(</span>","#adesso-content > main > div:nth-child(4) > div > div:nth-child(2) > div > div > div > div > pre:nth-child(17) > code > span:nth-child(2)"
"error","WCAG2AA.Principle1.Guideline1_4.1_4_3.G18.Fail","This element has insufficient contrast at this conformance level. Expected a contrast ratio of at least 4.5:1, but text in this element has a contrast ratio of 2.56:1. Recommendation:  change text colour to #0f0f0f.","<span class=\"token punctuation\">)</span>","#adesso-content > main > div:nth-child(4) > div > div:nth-child(2) > div > div > div > div > pre:nth-child(17) > code > span:nth-child(3)"
"error","WCAG2AA.Principle1.Guideline1_4.1_4_3.G18.Fail","This element has insufficient contrast at this conformance level. Expected a contrast ratio of at least 4.5:1, but text in this element has a contrast ratio of 2.56:1. Recommendation:  change text colour to #0f0f0f.","<span class=\"token punctuation\">{</span>","#adesso-content > main > div:nth-child(4) > div > div:nth-child(2) > div > div > div > div > pre:nth-child(17) > code > span:nth-child(4)"
"error","WCAG2AA.Principle1.Guideline1_4.1_4_3.G18.Fail","This element has insufficient contrast at this conformance level. Expected a contrast ratio of at least 4.5:1, but text in this element has a contrast ratio of 4.47:1. Recommendation:  change background to #f6f3f1.","<span class=\"token keyword\">case</span>","#adesso-content > main > div:nth-child(4) > div > div:nth-child(2) > div > div > div > div > pre:nth-child(17) > code > span:nth-child(5)"
"error","WCAG2AA.Principle1.Guideline1_4.1_4_3.G18.Fail","This element has insufficient contrast at this conformance level. Expected a contrast ratio of at least 4.5:1, but text in this element has a contrast ratio of 3.59:1. Recommendation:  change text colour to #070707.","<span class=\"token class-name\">Triangle</span>","#adesso-content > main > div:nth-child(4) > div > div:nth-child(2) > div > div > div > div > pre:nth-child(17) > code > span:nth-child(6)"
"error","WCAG2AA.Principle1.Guideline1_4.1_4_3.G18.Fail","This element has insufficient contrast at this conformance level. Expected a contrast ratio of at least 4.5:1, but text in this element has a contrast ratio of 2.56:1. Recommendation:  change text colour to #0f0f0f.","<span class=\"token punctuation\">.</span>","#adesso-content > main > div:nth-child(4) > div > div:nth-child(2) > div > div > div > div > pre:nth-child(17) > code > span:nth-child(7)"
"error","WCAG2AA.Principle1.Guideline1_4.1_4_3.G18.Fail","This element has insufficient contrast at this conformance level. Expected a contrast ratio of at least 4.5:1, but text in this element has a contrast ratio of 3.59:1. Recommendation:  change text colour to #070707.","<span class=\"token function\">calculateArea</span>","#adesso-content > main > div:nth-child(4) > div > div:nth-child(2) > div > div > div > div > pre:nth-child(17) > code > span:nth-child(8)"
"error","WCAG2AA.Principle1.Guideline1_4.1_4_3.G18.Fail","This element has insufficient contrast at this conformance level. Expected a contrast ratio of at least 4.5:1, but text in this element has a contrast ratio of 2.56:1. Recommendation:  change text colour to #0f0f0f.","<span class=\"token punctuation\">(</span>","#adesso-content > main > div:nth-child(4) > div > div:nth-child(2) > div > div > div > div > pre:nth-child(17) > code > span:nth-child(9)"
"error","WCAG2AA.Principle1.Guideline1_4.1_4_3.G18.Fail","This element has insufficient contrast at this conformance level. Expected a contrast ratio of at least 4.5:1, but text in this element has a contrast ratio of 2.56:1. Recommendation:  change text colour to #0f0f0f.","<span class=\"token punctuation\">)</span>","#adesso-content > main > div:nth-child(4) > div > div:nth-child(2) > div > div > div > div > pre:nth-child(17) > code > span:nth-child(10)"
"error","WCAG2AA.Principle1.Guideline1_4.1_4_3.G18.Fail","This element has insufficient contrast at this conformance level. Expected a contrast ratio of at least 4.5:1, but text in this element has a contrast ratio of 3.59:1. Recommendation:  change text colour to #070707.","<span class=\"token class-name\">System</span>","#adesso-content > main > div:nth-child(4) > div > div:nth-child(2) > div > div > div > div > pre:nth-child(17) > code > span:nth-child(14)"
"error","WCAG2AA.Principle1.Guideline1_4.1_4_3.G18.Fail","This element has insufficient contrast at this conformance level. Expected a contrast ratio of at least 4.5:1, but text in this element has a contrast ratio of 2.56:1. Recommendation:  change text colour to #0f0f0f.","<span class=\"token punctuation\">.</span>","#adesso-content > main > div:nth-child(4) > div > div:nth-child(2) > div > div > div > div > pre:nth-child(17) > code > span:nth-child(15)"
"error","WCAG2AA.Principle1.Guideline1_4.1_4_3.G18.Fail","This element has insufficient contrast at this conformance level. Expected a contrast ratio of at least 4.5:1, but text in this element has a contrast ratio of 2.56:1. Recommendation:  change text colour to #0f0f0f.","<span class=\"token punctuation\">.</span>","#adesso-content > main > div:nth-child(4) > div > div:nth-child(2) > div > div > div > div > pre:nth-child(17) > code > span:nth-child(16)"
"error","WCAG2AA.Principle1.Guideline1_4.1_4_3.G18.Fail","This element has insufficient contrast at this conformance level. Expected a contrast ratio of at least 4.5:1, but text in this element has a contrast ratio of 3.59:1. Recommendation:  change text colour to #070707.","<span class=\"token function\">println</span>","#adesso-content > main > div:nth-child(4) > div > div:nth-child(2) > div > div > div > div > pre:nth-child(17) > code > span:nth-child(17)"
"error","WCAG2AA.Principle1.Guideline1_4.1_4_3.G18.Fail","This element has insufficient contrast at this conformance level. Expected a contrast ratio of at least 4.5:1, but text in this element has a contrast ratio of 2.56:1. Recommendation:  change text colour to #0f0f0f.","<span class=\"token punctuation\">(</span>","#adesso-content > main > div:nth-child(4) > div > div:nth-child(2) > div > div > div > div > pre:nth-child(17) > code > span:nth-child(18)"
"error","WCAG2AA.Principle1.Guideline1_4.1_4_3.G18.Fail","This element has insufficient contrast at this conformance level. Expected a contrast ratio of at least 4.5:1, but text in this element has a contrast ratio of 3.08:1. Recommendation:  change text colour to #0a0f00.","<span class=\"token string\">\"Large\"</span>","#adesso-content > main > div:nth-child(4) > div > div:nth-child(2) > div > div > div > div > pre:nth-child(17) > code > span:nth-child(19)"
"error","WCAG2AA.Principle1.Guideline1_4.1_4_3.G18.Fail","This element has insufficient contrast at this conformance level. Expected a contrast ratio of at least 4.5:1, but text in this element has a contrast ratio of 2.56:1. Recommendation:  change text colour to #0f0f0f.","<span class=\"token punctuation\">)</span>","#adesso-content > main > div:nth-child(4) > div > div:nth-child(2) > div > div > div > div > pre:nth-child(17) > code > span:nth-child(20)"
"error","WCAG2AA.Principle1.Guideline1_4.1_4_3.G18.Fail","This element has insufficient contrast at this conformance level. Expected a contrast ratio of at least 4.5:1, but text in this element has a contrast ratio of 2.56:1. Recommendation:  change text colour to #0f0f0f.","<span class=\"token punctuation\">;</span>","#adesso-content > main > div:nth-child(4) > div > div:nth-child(2) > div > div > div > div > pre:nth-child(17) > code > span:nth-child(21)"
"error","WCAG2AA.Principle1.Guideline1_4.1_4_3.G18.Fail","This element has insufficient contrast at this conformance level. Expected a contrast ratio of at least 4.5:1, but text in this element has a contrast ratio of 4.47:1. Recommendation:  change background to #f6f3f1.","<span class=\"token keyword\">case</span>","#adesso-content > main > div:nth-child(4) > div > div:nth-child(2) > div > div > div > div > pre:nth-child(17) > code > span:nth-child(22)"
"error","WCAG2AA.Principle1.Guideline1_4.1_4_3.G18.Fail","This element has insufficient contrast at this conformance level. Expected a contrast ratio of at least 4.5:1, but text in this element has a contrast ratio of 3.59:1. Recommendation:  change text colour to #070707.","<span class=\"token class-name\">Triangle</span>","#adesso-content > main > div:nth-child(4) > div > div:nth-child(2) > div > div > div > div > pre:nth-child(17) > code > span:nth-child(23)"
"error","WCAG2AA.Principle1.Guideline1_4.1_4_3.G18.Fail","This element has insufficient contrast at this conformance level. Expected a contrast ratio of at least 4.5:1, but text in this element has a contrast ratio of 3.59:1. Recommendation:  change text colour to #070707.","<span class=\"token class-name\">System</span>","#adesso-content > main > div:nth-child(4) > div > div:nth-child(2) > div > div > div > div > pre:nth-child(17) > code > span:nth-child(25)"
"error","WCAG2AA.Principle1.Guideline1_4.1_4_3.G18.Fail","This element has insufficient contrast at this conformance level. Expected a contrast ratio of at least 4.5:1, but text in this element has a contrast ratio of 2.56:1. Recommendation:  change text colour to #0f0f0f.","<span class=\"token punctuation\">.</span>","#adesso-content > main > div:nth-child(4) > div > div:nth-child(2) > div > div > div > div > pre:nth-child(17) > code > span:nth-child(26)"
"error","WCAG2AA.Principle1.Guideline1_4.1_4_3.G18.Fail","This element has insufficient contrast at this conformance level. Expected a contrast ratio of at least 4.5:1, but text in this element has a contrast ratio of 2.56:1. Recommendation:  change text colour to #0f0f0f.","<span class=\"token punctuation\">.</span>","#adesso-content > main > div:nth-child(4) > div > div:nth-child(2) > div > div > div > div > pre:nth-child(17) > code > span:nth-child(27)"
"error","WCAG2AA.Principle1.Guideline1_4.1_4_3.G18.Fail","This element has insufficient contrast at this conformance level. Expected a contrast ratio of at least 4.5:1, but text in this element has a contrast ratio of 3.59:1. Recommendation:  change text colour to #070707.","<span class=\"token function\">println</span>","#adesso-content > main > div:nth-child(4) > div > div:nth-child(2) > div > div > div > div > pre:nth-child(17) > code > span:nth-child(28)"
"error","WCAG2AA.Principle1.Guideline1_4.1_4_3.G18.Fail","This element has insufficient contrast at this conformance level. Expected a contrast ratio of at least 4.5:1, but text in this element has a contrast ratio of 2.56:1. Recommendation:  change text colour to #0f0f0f.","<span class=\"token punctuation\">(</span>","#adesso-content > main > div:nth-child(4) > div > div:nth-child(2) > div > div > div > div > pre:nth-child(17) > code > span:nth-child(29)"
"error","WCAG2AA.Principle1.Guideline1_4.1_4_3.G18.Fail","This element has insufficient contrast at this conformance level. Expected a contrast ratio of at least 4.5:1, but text in this element has a contrast ratio of 3.08:1. Recommendation:  change text colour to #0a0f00.","<span class=\"token string\">\"Small\"</span>","#adesso-content > main > div:nth-child(4) > div > div:nth-child(2) > div > div > div > div > pre:nth-child(17) > code > span:nth-child(30)"
"error","WCAG2AA.Principle1.Guideline1_4.1_4_3.G18.Fail","This element has insufficient contrast at this conformance level. Expected a contrast ratio of at least 4.5:1, but text in this element has a contrast ratio of 2.56:1. Recommendation:  change text colour to #0f0f0f.","<span class=\"token punctuation\">)</span>","#adesso-content > main > div:nth-child(4) > div > div:nth-child(2) > div > div > div > div > pre:nth-child(17) > code > span:nth-child(31)"
"error","WCAG2AA.Principle1.Guideline1_4.1_4_3.G18.Fail","This element has insufficient contrast at this conformance level. Expected a contrast ratio of at least 4.5:1, but text in this element has a contrast ratio of 2.56:1. Recommendation:  change text colour to #0f0f0f.","<span class=\"token punctuation\">;</span>","#adesso-content > main > div:nth-child(4) > div > div:nth-child(2) > div > div > div > div > pre:nth-child(17) > code > span:nth-child(32)"
"error","WCAG2AA.Principle1.Guideline1_4.1_4_3.G18.Fail","This element has insufficient contrast at this conformance level. Expected a contrast ratio of at least 4.5:1, but text in this element has a contrast ratio of 4.47:1. Recommendation:  change background to #f6f3f1.","<span class=\"token keyword\">default</span>","#adesso-content > main > div:nth-child(4) > div > div:nth-child(2) > div > div > div > div > pre:nth-child(17) > code > span:nth-child(33)"
"error","WCAG2AA.Principle1.Guideline1_4.1_4_3.G18.Fail","This element has insufficient contrast at this conformance level. Expected a contrast ratio of at least 4.5:1, but text in this element has a contrast ratio of 3.59:1. Recommendation:  change text colour to #070707.","<span class=\"token class-name\">System</span>","#adesso-content > main > div:nth-child(4) > div > div:nth-child(2) > div > div > div > div > pre:nth-child(17) > code > span:nth-child(35)"
"error","WCAG2AA.Principle1.Guideline1_4.1_4_3.G18.Fail","This element has insufficient contrast at this conformance level. Expected a contrast ratio of at least 4.5:1, but text in this element has a contrast ratio of 2.56:1. Recommendation:  change text colour to #0f0f0f.","<span class=\"token punctuation\">.</span>","#adesso-content > main > div:nth-child(4) > div > div:nth-child(2) > div > div > div > div > pre:nth-child(17) > code > span:nth-child(36)"
"error","WCAG2AA.Principle1.Guideline1_4.1_4_3.G18.Fail","This element has insufficient contrast at this conformance level. Expected a contrast ratio of at least 4.5:1, but text in this element has a contrast ratio of 2.56:1. Recommendation:  change text colour to #0f0f0f.","<span class=\"token punctuation\">.</span>","#adesso-content > main > div:nth-child(4) > div > div:nth-child(2) > div > div > div > div > pre:nth-child(17) > code > span:nth-child(37)"
"error","WCAG2AA.Principle1.Guideline1_4.1_4_3.G18.Fail","This element has insufficient contrast at this conformance level. Expected a contrast ratio of at least 4.5:1, but text in this element has a contrast ratio of 3.59:1. Recommendation:  change text colour to #070707.","<span class=\"token function\">println</span>","#adesso-content > main > div:nth-child(4) > div > div:nth-child(2) > div > div > div > div > pre:nth-child(17) > code > span:nth-child(38)"
"error","WCAG2AA.Principle1.Guideline1_4.1_4_3.G18.Fail","This element has insufficient contrast at this conformance level. Expected a contrast ratio of at least 4.5:1, but text in this element has a contrast ratio of 2.56:1. Recommendation:  change text colour to #0f0f0f.","<span class=\"token punctuation\">(</span>","#adesso-content > main > div:nth-child(4) > div > div:nth-child(2) > div > div > div > div > pre:nth-child(17) > code > span:nth-child(39)"
"error","WCAG2AA.Principle1.Guideline1_4.1_4_3.G18.Fail","This element has insufficient contrast at this conformance level. Expected a contrast ratio of at least 4.5:1, but text in this element has a contrast ratio of 3.08:1. Recommendation:  change text colour to #0a0f00.","<span class=\"token string\">\"Non-triangle\"</span>","#adesso-content > main > div:nth-child(4) > div > div:nth-child(2) > div > div > div > div > pre:nth-child(17) > code > span:nth-child(40)"
"error","WCAG2AA.Principle1.Guideline1_4.1_4_3.G18.Fail","This element has insufficient contrast at this conformance level. Expected a contrast ratio of at least 4.5:1, but text in this element has a contrast ratio of 2.56:1. Recommendation:  change text colour to #0f0f0f.","<span class=\"token punctuation\">)</span>","#adesso-content > main > div:nth-child(4) > div > div:nth-child(2) > div > div > div > div > pre:nth-child(17) > code > span:nth-child(41)"
"error","WCAG2AA.Principle1.Guideline1_4.1_4_3.G18.Fail","This element has insufficient contrast at this conformance level. Expected a contrast ratio of at least 4.5:1, but text in this element has a contrast ratio of 2.56:1. Recommendation:  change text colour to #0f0f0f.","<span class=\"token punctuation\">;</span>","#adesso-content > main > div:nth-child(4) > div > div:nth-child(2) > div > div > div > div > pre:nth-child(17) > code > span:nth-child(42)"
"error","WCAG2AA.Principle1.Guideline1_4.1_4_3.G18.Fail","This element has insufficient contrast at this conformance level. Expected a contrast ratio of at least 4.5:1, but text in this element has a contrast ratio of 2.56:1. Recommendation:  change text colour to #0f0f0f.","<span class=\"token punctuation\">}</span>","#adesso-content > main > div:nth-child(4) > div > div:nth-child(2) > div > div > div > div > pre:nth-child(17) > code > span:nth-child(43)"
"error","WCAG2AA.Principle1.Guideline1_4.1_4_3.G18.Fail","This element has insufficient contrast at this conformance level. Expected a contrast ratio of at least 4.5:1, but text in this element has a contrast ratio of 3.17:1. Recommendation:  change text colour to #6f645c.","<code>when</code>","#adesso-content > main > div:nth-child(4) > div > div:nth-child(2) > div > div > div > div > p:nth-child(18) > code:nth-child(1)"
"error","WCAG2AA.Principle1.Guideline1_4.1_4_3.G18.Fail","This element has insufficient contrast at this conformance level. Expected a contrast ratio of at least 4.5:1, but text in this element has a contrast ratio of 3.17:1. Recommendation:  change text colour to #6f645c.","<code>true</code>","#adesso-content > main > div:nth-child(4) > div > div:nth-child(2) > div > div > div > div > p:nth-child(18) > code:nth-child(2)"
"error","WCAG2AA.Principle1.Guideline1_4.1_4_3.G18.Fail","This element has insufficient contrast at this conformance level. Expected a contrast ratio of at least 4.5:1, but text in this element has a contrast ratio of 3.17:1. Recommendation:  change text colour to #6f645c.","<code>Triangle t when t.calculateArea...</code>","#adesso-content > main > div:nth-child(4) > div > div:nth-child(2) > div > div > div > div > ol > li:nth-child(1) > code"
"error","WCAG2AA.Principle1.Guideline1_4.1_4_3.G18.Fail","This element has insufficient contrast at this conformance level. Expected a contrast ratio of at least 4.5:1, but text in this element has a contrast ratio of 3.17:1. Recommendation:  change text colour to #6f645c.","<code>Triangle t</code>","#adesso-content > main > div:nth-child(4) > div > div:nth-child(2) > div > div > div > div > ol > li:nth-child(2) > code"
"error","WCAG2AA.Principle1.Guideline1_4.1_4_3.G18.Fail","This element has insufficient contrast at this conformance level. Expected a contrast ratio of at least 4.5:1, but text in this element has a contrast ratio of 4.47:1. Recommendation:  change background to #f6f3f1.","<span class=\"token keyword\">switch</span>","#adesso-content > main > div:nth-child(4) > div > div:nth-child(2) > div > div > div > div > pre:nth-child(24) > code > span:nth-child(1)"
"error","WCAG2AA.Principle1.Guideline1_4.1_4_3.G18.Fail","This element has insufficient contrast at this conformance level. Expected a contrast ratio of at least 4.5:1, but text in this element has a contrast ratio of 2.56:1. Recommendation:  change text colour to #0f0f0f.","<span class=\"token punctuation\">(</span>","#adesso-content > main > div:nth-child(4) > div > div:nth-child(2) > div > div > div > div > pre:nth-child(24) > code > span:nth-child(2)"
"error","WCAG2AA.Principle1.Guideline1_4.1_4_3.G18.Fail","This element has insufficient contrast at this conformance level. Expected a contrast ratio of at least 4.5:1, but text in this element has a contrast ratio of 2.56:1. Recommendation:  change text colour to #0f0f0f.","<span class=\"token punctuation\">)</span>","#adesso-content > main > div:nth-child(4) > div > div:nth-child(2) > div > div > div > div > pre:nth-child(24) > code > span:nth-child(3)"
"error","WCAG2AA.Principle1.Guideline1_4.1_4_3.G18.Fail","This element has insufficient contrast at this conformance level. Expected a contrast ratio of at least 4.5:1, but text in this element has a contrast ratio of 2.56:1. Recommendation:  change text colour to #0f0f0f.","<span class=\"token punctuation\">{</span>","#adesso-content > main > div:nth-child(4) > div > div:nth-child(2) > div > div > div > div > pre:nth-child(24) > code > span:nth-child(4)"
"error","WCAG2AA.Principle1.Guideline1_4.1_4_3.G18.Fail","This element has insufficient contrast at this conformance level. Expected a contrast ratio of at least 4.5:1, but text in this element has a contrast ratio of 4.47:1. Recommendation:  change background to #f6f3f1.","<span class=\"token keyword\">case</span>","#adesso-content > main > div:nth-child(4) > div > div:nth-child(2) > div > div > div > div > pre:nth-child(24) > code > span:nth-child(5)"
"error","WCAG2AA.Principle1.Guideline1_4.1_4_3.G18.Fail","This element has insufficient contrast at this conformance level. Expected a contrast ratio of at least 4.5:1, but text in this element has a contrast ratio of 3.59:1. Recommendation:  change text colour to #070707.","<span class=\"token class-name\">Point</span>","#adesso-content > main > div:nth-child(4) > div > div:nth-child(2) > div > div > div > div > pre:nth-child(24) > code > span:nth-child(6)"
"error","WCAG2AA.Principle1.Guideline1_4.1_4_3.G18.Fail","This element has insufficient contrast at this conformance level. Expected a contrast ratio of at least 4.5:1, but text in this element has a contrast ratio of 2.56:1. Recommendation:  change text colour to #0f0f0f.","<span class=\"token punctuation\">(</span>","#adesso-content > main > div:nth-child(4) > div > div:nth-child(2) > div > div > div > div > pre:nth-child(24) > code > span:nth-child(7)"
"error","WCAG2AA.Principle1.Guideline1_4.1_4_3.G18.Fail","This element has insufficient contrast at this conformance level. Expected a contrast ratio of at least 4.5:1, but text in this element has a contrast ratio of 4.47:1. Recommendation:  change background to #f6f3f1.","<span class=\"token keyword\">int</span>","#adesso-content > main > div:nth-child(4) > div > div:nth-child(2) > div > div > div > div > pre:nth-child(24) > code > span:nth-child(8)"
"error","WCAG2AA.Principle1.Guideline1_4.1_4_3.G18.Fail","This element has insufficient contrast at this conformance level. Expected a contrast ratio of at least 4.5:1, but text in this element has a contrast ratio of 2.56:1. Recommendation:  change text colour to #0f0f0f.","<span class=\"token punctuation\">,</span>","#adesso-content > main > div:nth-child(4) > div > div:nth-child(2) > div > div > div > div > pre:nth-child(24) > code > span:nth-child(9)"
"error","WCAG2AA.Principle1.Guideline1_4.1_4_3.G18.Fail","This element has insufficient contrast at this conformance level. Expected a contrast ratio of at least 4.5:1, but text in this element has a contrast ratio of 4.47:1. Recommendation:  change background to #f6f3f1.","<span class=\"token keyword\">var</span>","#adesso-content > main > div:nth-child(4) > div > div:nth-child(2) > div > div > div > div > pre:nth-child(24) > code > span:nth-child(10)"
"error","WCAG2AA.Principle1.Guideline1_4.1_4_3.G18.Fail","This element has insufficient contrast at this conformance level. Expected a contrast ratio of at least 4.5:1, but text in this element has a contrast ratio of 2.56:1. Recommendation:  change text colour to #0f0f0f.","<span class=\"token punctuation\">)</span>","#adesso-content > main > div:nth-child(4) > div > div:nth-child(2) > div > div > div > div > pre:nth-child(24) > code > span:nth-child(11)"
"error","WCAG2AA.Principle1.Guideline1_4.1_4_3.G18.Fail","This element has insufficient contrast at this conformance level. Expected a contrast ratio of at least 4.5:1, but text in this element has a contrast ratio of 2.56:1. Recommendation:  change text colour to #0f0f0f.","<span class=\"token punctuation\">;</span>","#adesso-content > main > div:nth-child(4) > div > div:nth-child(2) > div > div > div > div > pre:nth-child(24) > code > span:nth-child(14)"
"error","WCAG2AA.Principle1.Guideline1_4.1_4_3.G18.Fail","This element has insufficient contrast at this conformance level. Expected a contrast ratio of at least 4.5:1, but text in this element has a contrast ratio of 4.47:1. Recommendation:  change background to #f6f3f1.","<span class=\"token keyword\">default</span>","#adesso-content > main > div:nth-child(4) > div > div:nth-child(2) > div > div > div > div > pre:nth-child(24) > code > span:nth-child(15)"
"error","WCAG2AA.Principle1.Guideline1_4.1_4_3.G18.Fail","This element has insufficient contrast at this conformance level. Expected a contrast ratio of at least 4.5:1, but text in this element has a contrast ratio of 2.56:1. Recommendation:  change text colour to #0f0f0f.","<span class=\"token punctuation\">;</span>","#adesso-content > main > div:nth-child(4) > div > div:nth-child(2) > div > div > div > div > pre:nth-child(24) > code > span:nth-child(18)"
"error","WCAG2AA.Principle1.Guideline1_4.1_4_3.G18.Fail","This element has insufficient contrast at this conformance level. Expected a contrast ratio of at least 4.5:1, but text in this element has a contrast ratio of 2.56:1. Recommendation:  change text colour to #0f0f0f.","<span class=\"token punctuation\">}</span>","#adesso-content > main > div:nth-child(4) > div > div:nth-child(2) > div > div > div > div > pre:nth-child(24) > code > span:nth-child(19)"
"error","WCAG2AA.Principle1.Guideline1_4.1_4_3.G18.Fail","This element has insufficient contrast at this conformance level. Expected a contrast ratio of at least 4.5:1, but text in this element has a contrast ratio of 3.17:1. Recommendation:  change text colour to #6f645c.","<code>o</code>","#adesso-content > main > div:nth-child(4) > div > div:nth-child(2) > div > div > div > div > p:nth-child(25) > code"
"error","WCAG2AA.Principle4.Guideline4_1.4_1_2.H91.A.NoContent","Anchor element found with a valid href attribute, but no link content has been supplied.","<a class=\"adesso-social-share-link social-icon adesso-social-share-facebook animated fadeIn in\" target=\"_blank\" href=\"https://www.facebook.com/sharer/sharer.php?u=https://www.adesso.de/de/news/blog/schmuckes-java-project-amber-und-das-pattern-matchin...","#adesso-sharing-modul > div > p:nth-child(2) > a:nth-child(1)"
"error","WCAG2AA.Principle4.Guideline4_1.4_1_2.H91.A.NoContent","Anchor element found with a valid href attribute, but no link content has been supplied.","<a class=\"adesso-social-share-link social-icon adesso-social-share-twitter animated fadeIn in\" target=\"_blank\" href=\"https://twitter.com/intent/tweet?url=https://www.adesso.de/de/news/blog/schmuckes-java-project-amber-und-das-pattern-matching.jsp\">\n\t...","#adesso-sharing-modul > div > p:nth-child(2) > a:nth-child(2)"
"error","WCAG2AA.Principle4.Guideline4_1.4_1_2.H91.A.NoContent","Anchor element found with a valid href attribute, but no link content has been supplied.","<a class=\"adesso-social-share-link social-icon adesso-social-share-xing animated fadeIn in\" target=\"_blank\" href=\"https://www.xing.com/social/share/spi?url=https://www.adesso.de/de/news/blog/schmuckes-java-project-amber-und-das-pattern-matching.jsp\">...","#adesso-sharing-modul > div > p:nth-child(2) > a:nth-child(3)"
"error","WCAG2AA.Principle4.Guideline4_1.4_1_2.H91.A.NoContent","Anchor element found with a valid href attribute, but no link content has been supplied.","<a class=\"adesso-social-share-link social-icon adesso-social-share-linkedin animated fadeIn in\" target=\"_blank\" href=\"http://www.linkedin.com/shareArticle?mini=true&amp;url=https://www.adesso.de/de/news/blog/schmuckes-java-project-amber-und-das-patte...","#adesso-sharing-modul > div > p:nth-child(2) > a:nth-child(4)"
"error","WCAG2AA.Principle4.Guideline4_1.4_1_2.H91.A.NoContent","Anchor element found with a valid href attribute, but no link content has been supplied.","<a class=\"adesso-social-share-email social-icon animated fadeIn in\" href=\"mailto:?body=https://www.adesso.de/de/news/blog/schmuckes-java-project-amber-und-das-pattern-matching.jsp&amp;body=http://localhost:8000/\">\n\t\t<svg class=\"adesso-social-me...</a>","#adesso-sharing-modul > div > p:nth-child(2) > a:nth-child(5)"
"error","WCAG2AA.Principle4.Guideline4_1.4_1_2.H91.A.EmptyNoId","Anchor element found with no link content and no name and/or ID attribute.","<a class=\"adesso-save-icon-link\">\n\t\t\t\t\t\t\t\t<svg class=\"adesso-sav...</a>","#adesso-save-a-page-btn > div > p > a"
"error","WCAG2AA.Principle1.Guideline1_4.1_4_3.G18.Fail","This element has insufficient contrast at this conformance level. Expected a contrast ratio of at least 4.5:1, but text in this element has a contrast ratio of 4.01:1. Recommendation:  change text colour to #7f746c.","<span class=\"breadcrumb-item\">News Center</span>","#page-top > nav > span:nth-child(2)"
"error","WCAG2AA.Principle1.Guideline1_4.1_4_3.G18.Fail","This element has insufficient contrast at this conformance level. Expected a contrast ratio of at least 4.5:1, but text in this element has a contrast ratio of 4.01:1. Recommendation:  change text colour to #7f746c.","<span class=\"breadcrumb-item\">Schmuckes Java - Project Amber ...</span>","#page-top > nav > span:nth-child(4)"
"error","WCAG2AA.Principle4.Guideline4_1.4_1_2.H91.A.NoContent","Anchor element found with a valid href attribute, but no link content has been supplied.","<a class=\"logo page-scroll\" href=\"https://www.adesso.de/de/index.jsp\"> \n\t\t<svg class=\"adesso-logo\" ro...</a>","#page-top > footer > div > div:nth-child(1) > a"
"error","WCAG2AA.Principle4.Guideline4_1.4_1_2.H91.A.NoContent","Anchor element found with a valid href attribute, but no link content has been supplied.","<a class=\"adesso-social-footer adesso-social-share-link\" target=\"_blank\" href=\"https://www.linkedin.com/company/adesso-se/\"> <svg class=\"adesso-social-medi...</a>","#page-top > footer > div > div:nth-child(2) > div:nth-child(1) > a:nth-child(2)"
"error","WCAG2AA.Principle4.Guideline4_1.4_1_2.H91.A.NoContent","Anchor element found with a valid href attribute, but no link content has been supplied.","<a class=\"adesso-social-footer adesso-social-share-link\" target=\"_blank\" href=\"https://www.facebook.com/adessoSE/\"> <svg class=\"adesso-social-medi...</a>","#page-top > footer > div > div:nth-child(2) > div:nth-child(1) > a:nth-child(3)"
"error","WCAG2AA.Principle4.Guideline4_1.4_1_2.H91.A.NoContent","Anchor element found with a valid href attribute, but no link content has been supplied.","<a class=\"adesso-social-footer adesso-social-share-link\" target=\"_blank\" href=\"https://twitter.com/adesso_SE\"> <svg class=\"adesso-social-medi...</a>","#page-top > footer > div > div:nth-child(2) > div:nth-child(1) > a:nth-child(4)"
"error","WCAG2AA.Principle4.Guideline4_1.4_1_2.H91.A.NoContent","Anchor element found with a valid href attribute, but no link content has been supplied.","<a class=\"adesso-social-footer adesso-social-share-link\" target=\"_blank\" href=\"https://www.youtube.com/c/adessoSE\"> <svg class=\"adesso-social-medi...</a>","#page-top > footer > div > div:nth-child(2) > div:nth-child(1) > a:nth-child(5)"
"error","WCAG2AA.Principle4.Guideline4_1.4_1_2.H91.A.NoContent","Anchor element found with a valid href attribute, but no link content has been supplied.","<a class=\"adesso-social-footer adesso-social-share-link\" target=\"_blank\" href=\"https://www.instagram.com/adesso_se/\"> <svg class=\"adesso-social-medi...</a>","#page-top > footer > div > div:nth-child(2) > div:nth-child(1) > a:nth-child(6)"
"error","WCAG2AA.Principle4.Guideline4_1.4_1_2.H91.A.NoContent","Anchor element found with a valid href attribute, but no link content has been supplied.","<a class=\"adesso-social-footer adesso-social-share-link\" target=\"_blank\" href=\"https://blog.adesso.de/de/news/blog/index.jsp\"> <svg class=\"adesso-social-medi...</a>","#page-top > footer > div > div:nth-child(2) > div:nth-child(1) > a:nth-child(7)"
"error","WCAG2AA.Principle1.Guideline1_4.1_4_3.G18.Fail","This element has insufficient contrast at this conformance level. Expected a contrast ratio of at least 4.5:1, but text in this element has a contrast ratio of 2.1:1. Recommendation:  change text colour to #616161.","<span class=\"ppms_cm_footer__powered_by\" data-disable-select=\"true\" id=\"ppms_cm_footer__powered_by\">Powered by</span>","#ppms_cm_footer__powered_by"
